Localidad,Tasa_Homicidios_100k,Tasa_Hurtos_100k
USAQUEN,8.5,850
CHAPINERO,5.2,1050
SANTA FE,15.1,1200
SAN CRISTOBAL,12.8,720
USME,18.9,680
TUNJUELITO,14.3,780
BOSA,21.5,880
KENNEDY,25.4,950
FONTIBON,10.1,810
ENGATIVA,11.3,790
SUBA,9.8,750
BARRIOS UNIDOS,7.7,920
TEUSAQUILLO,6.5,1100
LOS MARTIRES,20.2,1300
ANTONIO NARIÑO,13.5,830
PUENTE ARANDA,15.9,870
LA CANDELARIA,10.9,1150
RAFAEL URIBE URIBE,17.1,700
CIUDAD BOLIVAR,35.0,650
SUMAPAZ,1.0,50
DESCONOCIDO,12.0,800